USE [BlogEngine]
GO
SET IDENTITY_INSERT [dbo].[Category] ON 

INSERT [dbo].[Category] ([Id], [CreatedDate], [UpdatedDate], [Content]) VALUES (1, CAST(N'2019-12-01T23:28:19.0451106' AS DateTime2), CAST(N'2019-12-01T23:28:19.0452346' AS DateTime2), N'Culture')
INSERT [dbo].[Category] ([Id], [CreatedDate], [UpdatedDate], [Content]) VALUES (2, CAST(N'2019-12-01T23:28:30.3039497' AS DateTime2), CAST(N'2019-12-01T23:28:30.3039512' AS DateTime2), N'Traditions')
INSERT [dbo].[Category] ([Id], [CreatedDate], [UpdatedDate], [Content]) VALUES (3, CAST(N'2019-12-01T23:28:42.3770562' AS DateTime2), CAST(N'2019-12-01T23:28:42.3770575' AS DateTime2), N'Climate Change')
SET IDENTITY_INSERT [dbo].[Category] OFF
SET IDENTITY_INSERT [dbo].[Blog] ON 

INSERT [dbo].[Blog] ([Id], [CreatedDate], [UpdatedDate], [Title], [ThumnailImageName], [Content], [CategoryId]) VALUES (1, CAST(N'2019-12-01T23:31:02.5945001' AS DateTime2), CAST(N'2019-12-01T23:31:02.5945013' AS DateTime2), N'The Gris-gris Wrestlers of Senegal', N'thum-20191201233102547.PNG', N'<p><span style="color: rgb(21, 24, 27);">The entire population, from toddlers to grandmothers, follows the big wrestling matches either in the stadium, on the television, or on the street. Senegalese wrestling differs from that practised more commonly in western and Asian countries — mostly because of the traditional rituals practised by competitors. In western countries, these mystic rituals are often colloquially called voodoo, but the Senegalese call it </span><em style="color: rgb(21, 24, 27);">gris-gris</em><span style="color: rgb(21, 24, 27);">.</span></p><p><br></p><p><span style="color: rgb(21, 24, 27);">These unusual rituals are usually performed with the presentation and veneration of traditional amulets, the use of magic potions, and hypnotic drumming, songs and dance — all as an integral part of the wrestling match. The wrestler above is presenting his magic amulets to the crowd before a fight in the Adrien Senghor arena. Meanwhile, below you see a wrestler training before a final fight in the Iba Mar Diop stadium, located in the Medina district in Dakar. To prepare, he dances alone in a trance-like state to ear-deafening hypnotic drums and repetitive beats.</span></p><p><br></p><p><span style="color: rgb(21, 24, 27);"><span class="ql-cursor">﻿</span>During the last ten years, the traditional sport of </span><em style="color: rgb(21, 24, 27);">La Lutte Sénégalaise</em><span style="color: rgb(21, 24, 27);"> has become a million dollar spectacle, mostly because of big telecom sponsors, TV stations, and new media channels. This has led to the most successful wrestlers becoming media-stars and billionaires, giving young men in this African country a very different perspective. For wrestlers who succeed there is not only social recognition, along with high value prizes into the hundreds of thousands of US dollars for the highest profile fights, but also the chance of well-paid jobs in the security industry or as a trainer in a wrestling school.</span></p>', 2)
INSERT [dbo].[Blog] ([Id], [CreatedDate], [UpdatedDate], [Title], [ThumnailImageName], [Content], [CategoryId]) VALUES (2, CAST(N'2019-12-01T23:32:59.8595538' AS DateTime2), CAST(N'2019-12-01T23:32:59.8595551' AS DateTime2), N'Weavers of the Sky', N'th-20191201233259857.png', N'<p>Weaving is part of how we communicate our history to younger generations and the rest of the world,” Rosemary tells me, as she runs her fingers through alpaca thread in her home. Her fervour is palpable, as she explains how skilled weavers have passed ancient knowledge from old to young, generation after generation.</p><p>For years, hand-woven fabrics have embodied the living history and culture of the Peruvian Highlands. Textile patterns with expressive names like Mayu Qenqo (Meandering River) or Pumac Makin (Puma Footprints) tell tales of the events in the Andean region, as well as its diverse and chaotic landscape and sacred history spanning thousands of years.</p><p><br></p><p><span style="color: rgb(136, 136, 136);">As I made my way through the thundering mountains that so gracefully embrace the Sacred Valley, I listened with fascination to the ancient — yet living — stories about Quechua customs that my driver Elvis was reciting. He proudly told me the history of his land and the people who have inhabited it since pre-Columbine times. The ambition and scale of his tales matched any Western classic, despite never being written down.</span></p><p><br></p><blockquote class="ql-align-center"><span class="ql-cursor">﻿</span>“Manco Capac was the first and greatest of all the Inca — son of Inti, the Sun, who brought him up from the depths of the Lake Titikaka to rule from the great city of Cusco, the navel of the Earth.”</blockquote><p>We take an unexpected left turn off of the main road, and start to approach Piuray Lagoon, as Elvis continues with his story. “Manco Capac had two children, a girl and a boy. Then one day Inti asked Manco Capac to go and find his children so that they could spend the sunset together. Yet when he went looking for them, he found in their place two lagoons; the Huaypo Lagoon (his son) and the Piuray Lagoon (his daughter).”</p><p> “These two lagoons,” explains Elvis, announcing our arrival, “represent the duality and balance of the sexes in modern day Quechua culture.”</p>', 2)
INSERT [dbo].[Blog] ([Id], [CreatedDate], [UpdatedDate], [Title], [ThumnailImageName], [Content], [CategoryId]) VALUES (3, CAST(N'2019-12-01T23:34:41.0919452' AS DateTime2), CAST(N'2019-12-01T23:34:41.0919465' AS DateTime2), N' The Tsaatan Reindeer Herders of Mongolia', N'th-20191201233441090.png', N'<p>or thousands of years, the Tsaatan, or Dukha people have lived with their reindeer on the remote steppes of central Asia. Originally from further west, in 1944 the Tsaatan fled from the Russian region now known as the Republic of Tuva. Many families were afraid of losing their herds due to the Soviet government’s practice of requisitioning domestic animals during World War II, and the region was also suffering from food shortages and diseases, for which they had little resistance.</p><p>Now living near Tsagaan Nuur Lake in northern Khövsgöl in Mongolia, the Tsaatan were eventually granted Mongolian citizenship in 1956, after a number of attempts at deportation. One of the last groups of nomadic reindeer herders in the world, the Tsaatan people will usually move their homes and their herds between five and ten times each year.</p><blockquote class="ql-align-center"><em>Today, reindeer populations are shrinking, and there are maybe only 40 families who continue to live their ancestors’ traditional way of life.</em></blockquote><p>Two years ago, towards the end of June, I rode out with my companions across the <em>taïga</em> (the distinctive coniferous evergreen forest of subarctic lands) from the village of Tsagaan-Nuur, near Khövsgöl lake, and visited a small nomadic Tsaatan community, just after they had settled into their summer camp. With a climate that is cold all year round, open grasslands spread across the high steppe in Mongolia, and at 2,300m there was often a fresh breeze. Reindeer cannot handle heat well, so they must be pastured higher up during the warmer months.</p><p>We were lucky enough to spend time getting to know a few particular families, especially making friends with their wonderful children. Below you see young Bayrsaïhan, who loved to take a selfie!</p><p><br></p><p><span style="color: rgb(136, 136, 136);">We learned that the Tsaatan name for each small community group, usually consisting of several families, is </span><em style="color: rgb(136, 136, 136);">olal-lal</em><span style="color: rgb(136, 136, 136);">, which literally translates as ‘them’ in their native language. Each specific group is known by the name of a representative member, and families will set up yurts close to one another, working closely together to herd and care for their reindeer.</span></p>', 2)
INSERT [dbo].[Blog] ([Id], [CreatedDate], [UpdatedDate], [Title], [ThumnailImageName], [Content], [CategoryId]) VALUES (4, CAST(N'2019-12-01T23:36:12.4270158' AS DateTime2), CAST(N'2019-12-01T23:36:12.4270174' AS DateTime2), N' On the Shores of a Vanishing Island', N'thum-20191201233612424.png', N'<p class="ql-align-center">Ghoramara is an island about 150 kilometers south of Kolkata, located in the Sunderban Delta. Since the 1960s, climate change has caused a dramatic increases in sea level, as glacial meltwater runs off the mighty Himalayas and pours into the Bay of Bengal.</p><p class="ql-align-center">For decades, the inhabitants of Ghoramara have stood on the shores and watched as their lives and homes have been perpetually washed away.</p><p class="ql-align-center"><br></p><p class="ql-align-center">Today, the island has shrunk to under five square kilometers, and the territory has shrunk to less than half its size in 1969 due to increased erosion by the sea. More than two-thirds of the population have already been forced to move away from the island.</p><p class="ql-align-center"><br></p><p><span style="color: rgb(136, 136, 136);">Many of the people still living on the island are farmers and fishermen who depend on the island’s resources for their livelihoods.</span></p>', 3)
INSERT [dbo].[Blog] ([Id], [CreatedDate], [UpdatedDate], [Title], [ThumnailImageName], [Content], [CategoryId]) VALUES (5, CAST(N'2019-12-01T23:37:43.9892582' AS DateTime2), CAST(N'2019-12-01T23:37:43.9892597' AS DateTime2), N'Warm Waters', N'thum-20191201233743986.png', N'<p><span style="color: rgb(68, 68, 68);">WARM WATERS is a long-term photographic project investigating the impacts of climate change on the vulnerable communities and environments throughout the Pacific Region. From rising sea levels and the effects of increasingly extreme weather effects, such as El Niño and super typhoons, to floods and droughts, the destruction of coast, and the first climate refugees — I am collecting visual evidence of what is happening on the front lines of man-made global warming today, and how these phenomena are being dealt with.</span></p><p><br></p><p><span style="color: rgb(68, 68, 68);">ABOVE: </span><em style="color: rgb(68, 68, 68);">Residents of the South Tarawa Atoll in Kiribati, bathing in the lagoon near the town of Bairiki. Seawalls protect the tiny islets of the atoll from the rising sea levels, however, many of them are constantly destroyed by high tides. </em><span style="color: rgb(68, 68, 68);">(South Tarawa, Kiribati)</span></p><p><br></p><p><span style="color: rgb(68, 68, 68);">ABOVE: </span><em style="color: rgb(68, 68, 68);">Dead coconut trees on the atoll of Abaiang, in an area of land where soils have become increasingly eroded and salinated by the regular flooding that occurs during high tides. Abaiang is one of Kiribati’s most threatened threatened islands. The government says this area is a “barometer for what Kiribati can expect in the future.” Since the 1970s the residents of Tebunginako have seen the sea levels rise and today a major part of the village has had to be abandoned. </em><span style="color: rgb(68, 68, 68);">(Tebunginako, Kiribati)</span></p><p><br></p><p><span style="color: rgb(68, 68, 68);">Since 2013 I have travelled across most of the countries in Oceania — covering sea level rise in Tuvalu, Kiribati, Tokelau and the Marshall Islands, land grabs and related climate change issues in Papua New Guinea, super cyclones in Vanuatu, Tuvalu and Fiji, and climate change related migrations in Solomon Islands. One of the biggest issues facing mankind today, I aim to document climate change through the prism of communities whose very existence is threatened. Warm Waters shows that global warming is not a distant reality for future generations, but a critical issue for which we must all take collective responsibility and immediate action.</span></p>', 3)
INSERT [dbo].[Blog] ([Id], [CreatedDate], [UpdatedDate], [Title], [ThumnailImageName], [Content], [CategoryId]) VALUES (6, CAST(N'2019-12-01T23:39:52.3123199' AS DateTime2), CAST(N'2019-12-01T23:39:52.3123214' AS DateTime2), N'The Seal Hunters of Greenland', N'thum-20191201233952310.png', N'<p><span style="color: rgb(68, 68, 68);">To the Greenlandic natives, it is home, where the dark days and sunlit nights demand the human spirit to endure at all costs. As foreigners, it is the land of ice, where the snow never melts and icebergs float at the top of the world.</span></p><p><span style="color: rgb(68, 68, 68);">No matter who you are, Greenland is an island of unparalleled beauty, and the coexistence between humans and animals depends upon the delicate balance of nature in the harshest of places. When you step outside to greet a purple sky dancing upon a stretch of icebergs among the frozen sea ice, with snow covered mountains in the distant horizon, you understand why people need this place.</span></p><p><br></p><p><span style="color: rgb(68, 68, 68);">The small Inuit village of Qaanaaq is the northernmost inhabited place on the planet and more remote than most places on Earth. There is a peace throughout the unfolding expanse of stillness. It is a magic that gently creeps inside when you’re busy trudging through the snow, a beauty unsurpassed where words fall short when attempting to capture something so indefinable.</span></p><p><br></p><p><span style="color: rgb(68, 68, 68);">Part of the </span><a href="http://www.70degreeswest.com/" rel="noopener noreferrer" target="_blank" style="color: rgb(68, 68, 68); background-color: rgb(255, 255, 255);">70 Degrees West</a><span style="color: rgb(68, 68, 68);"> project, our goal on this expedition was to tell the story of a remote community of people and their fragile, yet vital, connection to hunting. What we witnessed in the village of Qaanaaq was beautiful and eye-opening. But as outsiders, after a month and a half spent living in the community, we viewed firsthand the troubling legacy that inevitably encroaches with rapid modernization.</span></p><p><br></p><p><span style="color: rgb(68, 68, 68);">About 1,400 kilometers from the North Pole, Qaanaaq was historically the primary departure point for the polar expeditions of the early 20th century. Today, with population of roughly 650, Qaanaaq and its surroundings have become well known for a different reason: it’s a beacon of climate change studies, drawing scientists from around the globe eager to ponder any insights it may provide. In this way, Qaanaaq could be considered as the most modern of settlements.</span></p><p><br></p>', 3)
INSERT [dbo].[Blog] ([Id], [CreatedDate], [UpdatedDate], [Title], [ThumnailImageName], [Content], [CategoryId]) VALUES (7, CAST(N'2019-12-01T23:41:17.0998236' AS DateTime2), CAST(N'2019-12-01T23:41:17.0998250' AS DateTime2), N'Tides of Resilience', N'thum-20191201234117097.png', N'<blockquote class="ql-align-center"><em style="color: rgb(68, 68, 68);">Resilience is synonymous with the people of Bangladesh — due to the country’s proximity to the Bay of Bengal they have always needed to respond to and recover from natural disasters.</em></blockquote><p><span style="color: rgb(68, 68, 68);">Today the Bangladeshis’ resilience is being tested more than ever as the window of opportunity to respond to natural disasters is narrowing, a consequence of increased storm frequency and freak weather patterns. </span></p><p><span style="color: rgb(68, 68, 68);">Natural disasters amplified by the effects of climate change, such as cyclones and storms, will have very real consequences for both Bangladesh and its neighbours.</span></p><p><br></p><p><span style="color: rgb(68, 68, 68);">I was in Bangladesh to photograph its particular vulnerability to climate change. On November 15th, 2007, one of the strongest cyclones ever to hit the country slammed into the remote island of Dublar Char, killing thousands of fishermen out at sea.</span></p><blockquote class="ql-align-center"><em style="color: rgb(68, 68, 68);">Cyclone Sidr went on to destroy two out of every three buildings along Bangladesh’s southern coastline, displacing millions of people. </em></blockquote><p><span style="color: rgb(68, 68, 68);">When I traveled to Dublar one year later, I found these fishermen praying for a benevolent sea. The captain of one small boat told me, “I’ve been fishing here for twenty-two years and these storms have never been as frequent as now. Nowadays we get storms in winter and not many in summer. I don’t understand these things.”</span></p><p><br></p><p><span style="color: rgb(68, 68, 68);">Nine of Badol’s relatives died including his wife. After the disaster Badol built a makeshift house from debris he found lying around. His rice paddy was also destroyed so he now delivers wood to earn money. Fourteen of his cattle disappeared, but somehow, amazingly, three returned many months later.</span></p><p><span style="color: rgb(68, 68, 68);">“At the first signs of the cyclone, I got out of the house to rescue my cow that was trapped under the collapsed barn roof.”</span></p><p><span style="color: rgb(68, 68, 68);">“Then as I stood in my courtyard, someone yelled ‘The water is here.’”</span></p><p><span style="color: rgb(68, 68, 68);">“I replied, ‘Where’s the water?’”</span></p><p><span style="color: rgb(68, 68, 68);">“Then I suddenly saw water quickly coming... I grabbed a tree and got my wife to hold on. Suddenly a branch fell on my left arm, that paralyzed my left side and I couldn’t hold onto my wife’s hand any longer... I can barely say these words… anyway, we returned to our old house. We then buried my wife.”</span></p><p><br></p>', 3)
INSERT [dbo].[Blog] ([Id], [CreatedDate], [UpdatedDate], [Title], [ThumnailImageName], [Content], [CategoryId]) VALUES (8, CAST(N'2019-12-01T23:43:16.9427146' AS DateTime2), CAST(N'2019-12-01T23:43:16.9427162' AS DateTime2), N'Burma: An Enchanted Spirit', N'thum-20191201234316940.png', N'<p>Resplendent ancient temples and golden pagodas, devout nuns and monks, tranquil lakes and rivers, ornamented hillside tribes, colorful markets — this is the essence of Burma. As an adventurous world traveler and photographer, I was in search of the most sublime, pristine cultures on the planet, which led me to this intriguing country.</p><h2><em>From the moment I first set foot in this magical land, I fell under its spell. </em></h2><p>I found it to be one of the most enthralling countries I have had the privilege to explore — truly a photographer’s paradise. I aspired to capture the soul of the beautiful Burmese people, their mystical cultures and mysterious customs, in the most artistic way possible.</p><p><em>In this story you can explore some of my favorite photographs and moments drawn from my 248-page book ‘</em><a href="http://www.heathstudios.com/burma-book.php" rel="noopener noreferrer" target="_blank" style="color: rgb(21, 24, 27);"><em>Burma: An Enchanted Spirit</em></a><em>’.</em></p><p><br></p><p>The spectacular visage of the Shwedagon Pagoda and its 60 tons of gold, capped with a 76 ­carat diamond, took my breath away. From a hot air balloon, I was astounded by the stunning view of Bagan’s more than 2,200 temples and stupas peering through the many layers of mist.</p><p>The site is quite extraordinary; the surrounding land is very dry and flat, with farmer’s smoke and mist billowing over rice, bean, and sesame fields as far as the eye can see.</p><p><br></p><p><em>ABOVE — This shot was taken on top of a temple during a sunset overlooking the Ananda and Thabanyu Buddhist temples in </em><em style="color: rgb(21, 24, 27);">Bagan</em><em>. There are over 2,000 temples and pagodas here. This location is in a rural farming area in the middle of Burma and many of these structures are about 1,000 years old.</em></p><p><br></p><p>The Intha fishermen on Inle Lake reminded me of a choreographed ballet, deftly balancing as they rowed their boats by wrapping one leg around an oar, leaving both hands free to cast their nets. With its teak pillars projecting into the vibrant red orange sky, sunrise and sunset at the U Bein Bridge on Taung Tha Man Lake seemed surreal.</p><p><br></p>', 1)
INSERT [dbo].[Blog] ([Id], [CreatedDate], [UpdatedDate], [Title], [ThumnailImageName], [Content], [CategoryId]) VALUES (9, CAST(N'2019-12-01T23:44:18.5217523' AS DateTime2), CAST(N'2019-12-01T23:44:18.5217539' AS DateTime2), N'Wakhan, An Other Afghanistan', N'thum-20191201234418519.png', N'<p><em>This narrative serves as an introduction to my multi-platform project, ‘</em><a href="http://www.wakhan-anotherafghanistan.com/" rel="noopener noreferrer" target="_blank" style="color: rgb(21, 24, 27);"><em>Wakhan, an other Afghanistan</em></a><em>’. One of the photos from this project won first prize in the 24th annual National Geographic Traveler Photo Contest, and the 78-minute film ‘</em><a href="http://vimeo.com/ondemand/wakhan" rel="noopener noreferrer" target="_blank" style="color: rgb(21, 24, 27);"><em>Wakhan</em></a><em>’ was selected as one of the firm favourites to feature in the Etonnants Voyageurs Festival in St-Malo, France.</em></p><p><br></p><p>My mind takes me back to 8 August 2011. It must have been around 2 o’clock in the afternoon, but in any event, time here takes on an alternative dimension, something which we have been discovering and settling into since the beginning of our journey.</p><p>Then I remember a young Afghan saying to me a few weeks earlier, “You have your watches, and we have the time.”</p><p><br></p><p>Under the arborescent canopy of a small shelter made with stones and yak excrement, Fabrice and I wait for our hosts to bring us bread and tea, which has been our sole source of nutrition morning, noon and night for more than three weeks. Dates, energy bars, dried fruit — these are a thing of the past, and I have already lost 15 kilos.</p><p>We had planned ahead with two people in mind, forgetting on market day at Ishkashim — the village on the border between Tajikistan and Afghanistan — that we would be accompanied by one guide or several for this expedition along the Wakhan Corridor, as far as China.</p><p><br></p><p>We travel for a month in the company of Amonali and Souleman, two Ismaili Wakhis of twenty-four and thirty-two years of age, who are taking care of our horse and our donkey. A last-minute addition to the group is QuarbonBek, a twenty-year-old Sunni Afghan and real ‘city boy’, who we have picked up at Ishkashim to fill the role of interpreter.</p><p><br></p>', 1)
INSERT [dbo].[Blog] ([Id], [CreatedDate], [UpdatedDate], [Title], [ThumnailImageName], [Content], [CategoryId]) VALUES (10, CAST(N'2019-12-01T23:45:59.5806144' AS DateTime2), CAST(N'2019-12-01T23:45:59.5806166' AS DateTime2), N'Hidden Afghanistan', N'thum-20191201234559577.png', N'<p>he country’s rich cultural history, rugged landscape, and the legendary generosity of Afghan people, have long been a draw for adventurers and travellers alike, but for now, still struggling with deep-rooted insurgency, Afghanistan remains firmly off the radar for most. Plagued by terrorism and war, the most recent cycle of bloodshed and instability has left the country with a reputation for violence and little good ever makes our TV screens in the West. For too many, our narrative around countries like Afghanistan has been reduced to a single story.</p><p>As part of my work on a book called <em>Life in the Himalayas</em> — looking at people’s everyday working lives throughout this diverse and magnificent mountain range, from the high plateau of Tibet to the foothills of Myanmar — I spent three weeks documenting the lives of agropastoralists in Afghanistan, and exploring this battered but beautiful country. I set out to focus on rural areas, everyday life and culture, going in search of the real Afghanistan, away from the vestiges of war and terror.</p><p><br></p><h2><em>Kabul</em></h2><p>I started off in the bustling markets in the country’s capital, Kabul, a chaotic little jungle of trinket shops, carpet sellers and giant chunks of Lapis filling windows. Occasionally I felt uneasy under the stares of watchful eyes as I poked my way through the dusty streets. Mostly it felt like any other vibrant bazaar in Asia, people going about their busy day.</p><p><span style="color: rgb(136, 136, 136);">I hate in smoke filled restaurants sitting cross-legged on cushions. Whole sheep carcasses are hung directly above the stove and the cook simply butchers off the bits he needs and throws them into a big black pot, along with fistfuls of fresh herbs and spices. Huge roundels of hot naan breads are piled high on the tables and you pay for what you eat. There is a genuine old-world feeling in Kabul that is rare to find these days.</span></p><p><br></p><h2><em><span class="ql-cursor">﻿</span>Panjshir Valley</em></h2><p>From Kabul I travelled to Istalif, a district famous for its distinctive blue pottery, and then by road to the stunning Panjshir Valley, one of the most celebrated places in Afghanistan, located in the heart of the Hindu Kush mountains. Its name means ‘Valley of the Five Lions,’ which according to local legend refers to five spiritual protectors or ‘wali’ who built a dam here during the early 11th century AD for Sultan Mahmud of Ghazni.</p>', 1)
SET IDENTITY_INSERT [dbo].[Blog] OFF
SET IDENTITY_INSERT [dbo].[Comment] ON 

INSERT [dbo].[Comment] ([Id], [CreatedDate], [UpdatedDate], [Content], [BlogId]) VALUES (1, CAST(N'2019-12-01T23:46:14.2757820' AS DateTime2), CAST(N'2019-12-01T23:46:14.2757832' AS DateTime2), N'Good', 10)
INSERT [dbo].[Comment] ([Id], [CreatedDate], [UpdatedDate], [Content], [BlogId]) VALUES (2, CAST(N'2019-12-01T23:47:06.8746395' AS DateTime2), CAST(N'2019-12-01T23:47:06.8746407' AS DateTime2), N'Excellent :)', 10)
INSERT [dbo].[Comment] ([Id], [CreatedDate], [UpdatedDate], [Content], [BlogId]) VALUES (3, CAST(N'2019-12-01T23:47:27.8170674' AS DateTime2), CAST(N'2019-12-01T23:47:27.8170688' AS DateTime2), N'This is a beautiful places', 8)
INSERT [dbo].[Comment] ([Id], [CreatedDate], [UpdatedDate], [Content], [BlogId]) VALUES (4, CAST(N'2019-12-01T23:47:54.3960902' AS DateTime2), CAST(N'2019-12-01T23:47:54.3960914' AS DateTime2), N'Awesome blog', 5)
SET IDENTITY_INSERT [dbo].[Comment] OFF
